{
    "YOLO11n": {
        "mAP (50-95)": 0.9085617963800291,
        "mAP 50": 0.973577169098449,
        "mAP 75": 0.9567089346504147,
        "class mAPs": [
            0.9135435773137601,
            0.8946547964513687,
            0.8989871323451298,
            0.8857759765784247,
            0.9631050049959665,
            0.9254329922117623,
            0.9196389982354484,
            0.8718530616191016,
            0.9701811846177751,
            0.9879975422427035,
            0.9715309155178508,
            0.9474015792420524,
            0.8807041072817366,
            0.9313155945985974,
            0.9196574956865501,
            0.931548384881474,
            0.9227592317170175,
            0.9021715057218552,
            0.9904894303583502,
            0.9843137254901961,
            0.7146796560868769,
            0.9529915677835306,
            0.724517517382439,
            0.8002321347607353
        ],
        "inference_speed": 1.1226086926883494,
        "overall_speed": {
            "preprocess": 0.2199915033825756,
            "inference": 1.1226086926883494,
            "loss": 0.0008842648839104105,
            "postprocess": 0.9314531405296551
        }
    },
    "YOLO11s": {
        "mAP (50-95)": 0.9324264190452448,
        "mAP 50": 0.9784682075827855,
        "mAP 75": 0.9678812388254618,
        "class mAPs": [
            0.9602544384663545,
            0.9007165818576018,
            0.9446312829955966,
            0.9252203739901044,
            0.9674026746069669,
            0.9487242671201874,
            0.9443420396624365,
            0.9214669189027556,
            0.9847987881891107,
            0.9949999999999999,
            0.9843329571577847,
            0.9595971330412976,
            0.908121509364357,
            0.9351708829933605,
            0.9425719659473362,
            0.947951331006237,
            0.9386172586229599,
            0.9406358863410826,
            0.9937589126559715,
            0.9938467647058824,
            0.7686779003952283,
            0.9533119523264567,
            0.7460804382067238,
            0.8730017985300872
        ],
        "inference_speed": 1.1698268574370436,
        "overall_speed": {
            "preprocess": 0.17305915877663877,
            "inference": 1.1698268574370436,
            "loss": 0.0008137268427561021,
            "postprocess": 0.911029273941672
        }
    },
    "YOLO11n-head": {
        "mAP (50-95)": 0.9015148115177937,
        "mAP 50": 0.9693322884632941,
        "mAP 75": 0.9515890986702664,
        "class mAPs": [
            0.9083758563051909,
            0.8454134419713057,
            0.9167849899119659,
            0.8843516408763579,
            0.980370574055885,
            0.9330041533645297,
            0.9080811603956948,
            0.8734752412550579,
            0.9612093526766028,
            0.9934033268101761,
            0.9844688741971208,
            0.9437999816033544,
            0.874688411155906,
            0.9128230237995476,
            0.8775240116523314,
            0.9219350545796976,
            0.8689770418446108,
            0.8992926114193697,
            0.991382,
            0.9851733193277312,
            0.7304895227092534,
            0.9410127517539761,
            0.7192023172783303,
            0.7811168174830538
        ],
        "inference_speed": 0.6634585250764204,
        "overall_speed": {
            "preprocess": 0.16525567635981994,
            "inference": 0.6634585250764204,
            "loss": 0.0008360168637608636,
            "postprocess": 0.5558493574695474
        }
    },
    "YOLO11m-freeze": {
        "mAP (50-95)": 0.8665980125710155,
        "mAP 50": 0.9577953372640104,
        "mAP 75": 0.9241774738481987,
        "class mAPs": [
            0.8539696271561251,
            0.7893570378836519,
            0.8712511382796839,
            0.7898974385671459,
            0.9626976094972994,
            0.9352162226684229,
            0.8744936355225509,
            0.783436015007961,
            0.9505704507154457,
            0.9904473214285714,
            0.9819131350632263,
            0.9016635157123425,
            0.8405093307727578,
            0.8679134255798108,
            0.9022928237166943,
            0.8558313341875928,
            0.8703979101936395,
            0.8775884790836292,
            0.9770410508540855,
            0.9820861500155618,
            0.6281718923312434,
            0.9494394095440697,
            0.7045021006416767,
            0.6576652472811868
        ],
        "inference_speed": 2.1125784992466308,
        "overall_speed": {
            "preprocess": 0.16484288774298492,
            "inference": 2.1125784992466308,
            "loss": 0.0009093764265613442,
            "postprocess": 0.9729833997918304
        }
    },
    "YOLO11n-freeze": {
        "mAP (50-95)": 0.811591758268568,
        "mAP 50": 0.9307391544630162,
        "mAP 75": 0.8825880415038606,
        "class mAPs": [
            0.7998871410091172,
            0.7726098232676606,
            0.7855629483020714,
            0.7394427055790563,
            0.9513726402194564,
            0.8674664213103146,
            0.8262481104633836,
            0.6739211015434345,
            0.900398733013542,
            0.9713558878110229,
            0.9701565627645324,
            0.8616386628024637,
            0.805460360934277,
            0.7783417300122171,
            0.7760786950807066,
            0.8156842990385144,
            0.8085744023701935,
            0.8077167072507214,
            0.9608957273465517,
            0.9672927841705004,
            0.4563043569958663,
            0.9037701453777366,
            0.6665888588791642,
            0.61143339290313
        ],
        "inference_speed": 0.651596001619418,
        "overall_speed": {
            "preprocess": 0.16538518420337928,
            "inference": 0.651596001619418,
            "loss": 0.0007736612353804549,
            "postprocess": 0.5791805199617465
        }
    },
    "YOLO11s-freeze": {
        "mAP (50-95)": 0.8616056444727056,
        "mAP 50": 0.9515549614995794,
        "mAP 75": 0.9164875969472727,
        "class mAPs": [
            0.9090585243414084,
            0.794619928473596,
            0.887184582629105,
            0.8547437759006961,
            0.9695482018278672,
            0.9155733121441433,
            0.8587341482826659,
            0.7583527654084677,
            0.944098835978836,
            0.9840797142857143,
            0.9830012370600413,
            0.8905833115017995,
            0.8247562124723264,
            0.8364970532637074,
            0.874822305913993,
            0.8764331744288819,
            0.8547067607350367,
            0.8521693027585264,
            0.9696510871564227,
            0.9714698491009306,
            0.5678479759333744,
            0.9328265865540628,
            0.6947985103518556,
            0.6729783108414777
        ],
        "inference_speed": 1.5973319668741621,
        "overall_speed": {
            "preprocess": 0.2543037459695128,
            "inference": 1.5973319668741621,
            "loss": 0.0008639499280579697,
            "postprocess": 0.6924527636646519
        }
    }
}