{
    "YOLO11n": {
        "mAP (50-95)": 0.892423033082639,
        "mAP 50": 0.952111152540775,
        "mAP 75": 0.9388301300294591,
        "class mAPs": [
            0.9136710219696106,
            0.894876452856219,
            0.8990681213782665,
            0.8857759765784247,
            0.9631050049959665,
            0.9254329922117623,
            0.9196841481724803,
            0.8720265721454175,
            0.9701811846177751,
            0.9879975422427035,
            0.9435440596101167,
            0.9474476341034347,
            0.880726788510534,
            0.9316132669972589,
            0.9198229560147647,
            0.9316989394307098,
            0.9227592317170175,
            0.8761173961000335,
            0.9904894303583502,
            0.971764084302794,
            0.3920460414286758,
            0.9531496709676863,
            0.724517517382439,
            0.8006367598908983
        ],
        "inference_speed": 6.510346881031285,
        "overall_speed": {
            "preprocess": 1.8599685127213157,
            "inference": 6.510346881031285,
            "loss": 0.004287302141358866,
            "postprocess": 10.282860987285185
        }
    },
    "YOLO11s": {
        "mAP (50-95)": 0.9324264190452448,
        "mAP 50": 0.9784682075827855,
        "mAP 75": 0.9678812388254618,
        "class mAPs": [
            0.9602544384663545,
            0.9007165818576018,
            0.9446312829955966,
            0.9252203739901044,
            0.9674026746069669,
            0.9487242671201874,
            0.9443420396624365,
            0.9214669189027556,
            0.9847987881891107,
            0.9949999999999999,
            0.9843329571577847,
            0.9595971330412976,
            0.908121509364357,
            0.9351708829933605,
            0.9425719659473362,
            0.947951331006237,
            0.9386172586229599,
            0.9406358863410826,
            0.9937589126559715,
            0.9938467647058824,
            0.7686779003952283,
            0.9533119523264567,
            0.7460804382067238,
            0.8730017985300872
        ],
        "inference_speed": 1.617248806022328,
        "overall_speed": {
            "preprocess": 0.4346666956794332,
            "inference": 1.617248806022328,
            "loss": 0.004056219518537352,
            "postprocess": 1.033568523339266
        }
    },
    "YOLO11x": {
        "mAP (50-95)": 0.8464741422800015,
        "mAP 50": 0.9404238382037647,
        "mAP 75": 0.9026060528487084,
        "class mAPs": [
            0.8965584095007124,
            0.7339608137378365,
            0.8454213256995328,
            0.7905974776697298,
            0.9213524760540656,
            0.8869470216572705,
            0.8328119314142908,
            0.7970742533568758,
            0.9468153098099558,
            0.9685345393668833,
            0.9808893416197284,
            0.927956443489846,
            0.7711786886529002,
            0.8182058605882647,
            0.8613589974332163,
            0.8440759957359351,
            0.8434963352946563,
            0.9116105992527738,
            0.9454384477328082,
            0.9406597054057558,
            0.5909322996340308,
            0.9108462669739955,
            0.7003144437454603,
            0.6483424308935113
        ],
        "inference_speed": 4.37115353240064,
        "overall_speed": {
            "preprocess": 0.15630524539383206,
            "inference": 4.37115353240064,
            "loss": 0.00411970375557623,
            "postprocess": 0.8874881902389978
        }
    },
    "YOLO11s-freeze23": {
        "mAP (50-95)": 0.735121977688884,
        "mAP 50": 0.8638769064642183,
        "mAP 75": 0.8095308856903208,
        "class mAPs": [
            0.8008391175874264,
            0.586172071469793,
            0.7442416784936035,
            0.5382150431182977,
            0.8650185815917786,
            0.8621206267749313,
            0.7341538516717343,
            0.7267747764937622,
            0.8377726675315911,
            0.9620139254731285,
            0.9740961041720896,
            0.7676392263565484,
            0.6945449936459811,
            0.6126168478625768,
            0.6676630030634252,
            0.7274979422554797,
            0.6610363498234081,
            0.7624543640707161,
            0.9082776050003776,
            0.8774600793475885,
            0.4784061030730021,
            0.8486301248747014,
            0.5414857111229646,
            0.46379666965830835
        ],
        "inference_speed": 0.9841540861411913,
        "overall_speed": {
            "preprocess": 0.1748686006083291,
            "inference": 0.9841540861411913,
            "loss": 0.0008106231689453125,
            "postprocess": 1.0077707866239831
        }
    },
    "YOLO11n-head": {
        "mAP (50-95)": 0.9015148115177937,
        "mAP 50": 0.9693322884632941,
        "mAP 75": 0.9515890986702664,
        "class mAPs": [
            0.9083758563051909,
            0.8454134419713057,
            0.9167849899119659,
            0.8843516408763579,
            0.980370574055885,
            0.9330041533645297,
            0.9080811603956948,
            0.8734752412550579,
            0.9612093526766028,
            0.9934033268101761,
            0.9844688741971208,
            0.9437999816033544,
            0.874688411155906,
            0.9128230237995476,
            0.8775240116523314,
            0.9219350545796976,
            0.8689770418446108,
            0.8992926114193697,
            0.991382,
            0.9851733193277312,
            0.7304895227092534,
            0.9410127517539761,
            0.7192023172783303,
            0.7811168174830538
        ],
        "inference_speed": 0.6100112869894716,
        "overall_speed": {
            "preprocess": 0.22218297924515765,
            "inference": 0.6100112869894716,
            "loss": 0.0006850654556906435,
            "postprocess": 0.4951485515346188
        }
    },
    "YOLO11m-freeze23": {
        "mAP (50-95)": 0.7950228883495751,
        "mAP 50": 0.9046959521023193,
        "mAP 75": 0.8620011287825001,
        "class mAPs": [
            0.9016063869647477,
            0.5928031892776454,
            0.7864916263305823,
            0.6253109357406709,
            0.9105188366127344,
            0.8530669660077145,
            0.8222720967362187,
            0.7941829693697783,
            0.8698975844837478,
            0.9901258399209484,
            0.9764751564500175,
            0.8648547990872846,
            0.8046092011814597,
            0.6854074728586993,
            0.7861860444304243,
            0.7903594898632658,
            0.7530076944187784,
            0.8302646188942135,
            0.9112506246381875,
            0.9813595454545455,
            0.587593164173914,
            0.9056956818239502,
            0.5286280658869079,
            0.5285813297833706
        ],
        "inference_speed": 2.070592564238599,
        "overall_speed": {
            "preprocess": 0.1664906563843496,
            "inference": 2.070592564238599,
            "loss": 0.0033071055214785967,
            "postprocess": 0.9809423480513534
        }
    },
    "YOLO11n-freeze23": {
        "mAP (50-95)": 0.645993577930241,
        "mAP 50": 0.7747792499017822,
        "mAP 75": 0.713258404243708,