{
    "YOLO11n-seg": {
        "mAP (50-95)": 0.9211120346596282,
        "mAP 50": 0.9771747743020192,
        "mAP 75": 0.9649765957553403,
        "class mAPs": [
            0.9247492419998302,
            0.9020394374057277,
            0.9396408483435504,
            0.9057403121026221,
            0.9797682044452657,
            0.9413537466157031,
            0.9330718814566789,
            0.9089096810153793,
            0.9783258911985847,
            0.9949999999999999,
            0.977320038711601,
            0.9619389653987847,
            0.907649498380926,
            0.9185231929517114,
            0.9003744008438999,
            0.935289201613316,
            0.9249354343230654,
            0.9092773738526445,
            0.9890542106636927,
            0.9359595304477658,
            0.7493332271712292,
            0.9639455447794465,
            0.7520695224567845,
            0.8724194456528693
        ],
        "inference_speed": 2.4512609786535857,
        "overall_speed": {
            "preprocess": 0.20699754974545811,
            "inference": 2.4512609786535857,
            "loss": 0.0011991466996232433,
            "postprocess": 1.7656729771540713
        }
    },
    "YOLO11s-seg": {
        "mAP (50-95)": 0.9377075025106512,
        "mAP 50": 0.9790052352263636,
        "mAP 75": 0.9694398234029048,
        "class mAPs": [
            0.956278142062813,
            0.9366936823023047,
            0.9626527022196931,
            0.9170841425616982,
            0.9834921081974398,
            0.9585656510057691,
            0.9452057044088142,
            0.9304496554069741,
            0.9856684606481482,
            0.9949999999999999,
            0.9881252577294433,
            0.9722776991047135,
            0.9116246255230482,
            0.9443256632407419,
            0.9304255114007027,
            0.9494430461330221,
            0.9360986804092291,
            0.9391090255987343,
            0.9937267156862746,
            0.9857595588235295,
            0.7770070910378053,
            0.9609836682163901,
            0.7618873378024134,
            0.8830959307359307
        ],
        "inference_speed": 1.469532836823774,
        "overall_speed": {
            "preprocess": 0.38323120252620535,
            "inference": 1.469532836823774,
            "loss": 0.0009443632949738813,
            "postprocess": 0.6453395595211954
        }
    },
    "YOLO11n-seg-head": {
        "mAP (50-95)": 0.9092405303540123,
        "mAP 50": 0.9740237443535017,
        "mAP 75": 0.959334905500798,
        "class mAPs": [
            0.9298817745324977,
            0.8830797615539225,
            0.925049572955919,
            0.8842043161927438,
            0.975831700339857,
            0.9268168825268301,
            0.9141327682130994,
            0.8552393827924668,
            0.9785327396863585,
            0.9949999999999999,
            0.9738501341856483,
            0.9323088375798804,
            0.8930897207704136,
            0.9237423984807152,
            0.900344002103098,
            0.9372981129998788,
            0.8991606178738852,
            0.9050504276054625,
            0.9896218181818182,
            0.9823286764705882,
            0.7123410095075242,
            0.9423971636809136,
            0.7699850311398909,
            0.7924858791228869
        ],
        "inference_speed": 0.8228062172613201,
        "overall_speed": {
            "preprocess": 0.158782823551336,
            "inference": 0.8228062172613201,
            "loss": 0.0008924472966843102,
            "postprocess": 0.5818237214398807
        }
    },
    "YOLO11m-seg-freeze": {
        "mAP (50-95)": 0.8684252241992972,
        "mAP 50": 0.9565192565965571,
        "mAP 75": 0.9202392666771763,
        "class mAPs": [
            0.8815980668865935,
            0.8007903757513143,
            0.8811891923780883,
            0.7930083174631383,
            0.9662046075719977,
            0.9310128954284667,
            0.8747275443786207,
            0.7956408111988507,
            0.94945771287536,
            0.9903322610294119,
            0.9822308216816703,
            0.9111403758895914,
            0.8475418128854711,
            0.8574898142660417,
            0.8982840101976501,
            0.8757982891274038,
            0.861370979482016,
            0.8693377099514285,
            0.981156860305294,
            0.9797777854245148,
            0.6107722850298233,
            0.9303689349685402,
            0.6923722920240716,
            0.6806016245877796
        ],
        "inference_speed": 2.613764260647565,
        "overall_speed": {
            "preprocess": 0.1624042465841982,
            "inference": 2.613764260647565,
            "loss": 0.0024479521802191198,
            "postprocess": 0.6012219649094802
        }
    },
    "YOLO11n-seg-freeze": {
        "mAP (50-95)": 0.8196392469987289,
        "mAP 50": 0.9362018708245953,
        "mAP 75": 0.8868609606363501,
        "class mAPs": [
            0.8413671575886413,
            0.7368255277152882,
            0.7842241998901393,
            0.8065386138176244,
            0.9413672514936853,
            0.8644417788956261,
            0.8375807635793133,
            0.7076489100060573,
            0.9023700390459213,
            0.9738804133911628,
            0.9816743347482515,
            0.8277596377058675,
            0.8002513952780117,
            0.7800849801622973,
            0.8152194653969737,
            0.8378958886126592,
            0.821523489761103,
            0.792251864872623,
            0.9684075532424916,
            0.9399237923398094,
            0.49456553656011487,
            0.9231768051060335,
            0.6685378144148388,
            0.6238247143449611
        ],
        "inference_speed": 0.9095855013153257,
        "overall_speed": {
            "preprocess": 0.16343664135453265,
            "inference": 0.9095855013153257,
            "loss": 0.0008151376035791883,
            "postprocess": 0.7257170931122007
        }
    },
    "YOLO11s-seg-freeze": {
        "mAP (50-95)": 0.8631008234249749,
        "mAP 50": 0.9525353596629115,
        "mAP 75": 0.922575471510739,
        "class mAPs": [
            0.9025356513576556,
            0.7763701462449345,
            0.8600853410536627,
            0.8126873877843916,
            0.9551743335005309,
            0.9218185090489047,
            0.8562570623968657,
            0.8057212120974653,
            0.9397995158826682,
            0.9815321789321789,
            0.9651804990837551,
            0.8957200885972464,
            0.8448191606147338,
            0.8239718106341357,
            0.8839495444552938,
            0.8687179712775261,
            0.8659952413908354,
            0.8658978538884886,
            0.9820848813106551,
            0.9811080773401171,
            0.5584199933626943,
            0.9354237616128831,
            0.7062897696706953,
            0.7248597706610803
        ],
        "inference_speed": 1.311744881804878,
        "overall_speed": {
            "preprocess": 0.22551463200495792,
            "inference": 1.311744881804878,
            "loss": 0.0007866402349528477,
            "postprocess": 0.5734438021507489
        }
    }
}