{
    "YOLO11n-seg": {
        "mAP (50-95)": 0.9211120346596282,
        "mAP 50": 0.9771747743020192,
        "mAP 75": 0.9649765957553403,
        "class mAPs": [
            0.9247492419998302,
            0.9020394374057277,
            0.9396408483435504,
            0.9057403121026221,
            0.9797682044452657,
            0.9413537466157031,
            0.9330718814566789,
            0.9089096810153793,
            0.9783258911985847,
            0.9949999999999999,
            0.977320038711601,
            0.9619389653987847,
            0.907649498380926,
            0.9185231929517114,
            0.9003744008438999,
            0.935289201613316,
            0.9249354343230654,
            0.9092773738526445,
            0.9890542106636927,
            0.9359595304477658,
            0.7493332271712292,
            0.9639455447794465,
            0.7520695224567845,
            0.8724194456528693
        ],
        "inference_speed": 1.0165098856186727,
        "overall_speed": {
            "preprocess": 0.17718281266251965,
            "inference": 1.0165098856186727,
            "loss": 0.000778739974343565,
            "postprocess": 0.6202740076730943
        }
    },
    "YOLO11s-seg": {
        "mAP (50-95)": 0.9377075025106512,
        "mAP 50": 0.9790052352263636,
        "mAP 75": 0.9694398234029048,
        "class mAPs": [
            0.956278142062813,
            0.9366936823023047,
            0.9626527022196931,
            0.9170841425616982,
            0.9834921081974398,
            0.9585656510057691,
            0.9452057044088142,
            0.9304496554069741,
            0.9856684606481482,
            0.9949999999999999,
            0.9881252577294433,
            0.9722776991047135,
            0.9116246255230482,
            0.9443256632407419,
            0.9304255114007027,
            0.9494430461330221,
            0.9360986804092291,
            0.9391090255987343,
            0.9937267156862746,
            0.9857595588235295,
            0.7770070910378053,
            0.9609836682163901,
            0.7618873378024134,
            0.8830959307359307
        ],
        "inference_speed": 1.2945017165686252,
        "overall_speed": {
            "preprocess": 0.16476924602801984,
            "inference": 1.2945017165686252,
            "loss": 0.002049835475944203,
            "postprocess": 0.5733416630671575
        }
    },
    "YOLO11x-seg": {
        "mAP (50-95)": 0.9430681565191786,
        "mAP 50": 0.9796699957728333,
        "mAP 75": 0.9715481370162591,
        "class mAPs": [
            0.9687165981621314,
            0.9405759789697683,
            0.9627113306008498,
            0.9086258672916335,
            0.9816402314808721,
            0.9606542959714652,
            0.9520136296817139,
            0.9299540052803484,
            0.9900304761904761,
            0.9949999999999999,
            0.9840482608150278,
            0.9762164309289709,
            0.9234010681395421,
            0.9494691313486584,
            0.9469285920233823,
            0.9474110215178646,
            0.9546876920176969,
            0.9560348777541424,
            0.9941177978883861,
            0.9901745454545455,
            0.7951194441340332,
            0.9527863052888448,
            0.7737389766650311,
            0.8995791988549084
        ],
        "inference_speed": 5.431960179255559,
        "overall_speed": {
            "preprocess": 0.19724157434948802,
            "inference": 5.431960179255559,
            "loss": 0.0023700781827847633,
            "postprocess": 0.5906068361722506
        }
    },
    "YOLO11s-seg-freeze23": {
        "mAP (50-95)": 0.7153836066666986,
        "mAP 50": 0.8492196023569045,
        "mAP 75": 0.7889025799343097,
        "class mAPs": [
            0.7681062212936125,
            0.5164471609421171,
            0.7183477893313713,
            0.47010419644788604,
            0.8472534929263187,
            0.7980796627677684,
            0.7533157593995908,
            0.6020833421588668,
            0.8623930515836618,
            0.9422372202880138,
            0.9706915891937561,
            0.7701613605852456,
            0.7303501627512093,
            0.6239674485372875,
            0.6763031986204823,
            0.7556484808886819,
            0.5939514456631038,
            0.6927604639577527,
            0.8908013352804168,
            0.9410263945603132,
            0.4411708578663392,
            0.8490868597131875,
            0.5134484592583448,
            0.4414706059854419
        ],
        "inference_speed": 1.2799054207886464,
        "overall_speed": {
            "preprocess": 0.18725677354801337,
            "inference": 1.2799054207886464,
            "loss": 0.000836581168090098,
            "postprocess": 0.6179324268589359
        }
    },
    "YOLO11n-seg-head": {
        "mAP (50-95)": 0.9092405303540123,
        "mAP 50": 0.9740237443535017,
        "mAP 75": 0.959334905500798,
        "class mAPs": [
            0.9298817745324977,
            0.8830797615539225,
            0.925049572955919,
            0.8842043161927438,
            0.975831700339857,
            0.9268168825268301,
            0.9141327682130994,
            0.8552393827924668,
            0.9785327396863585,
            0.9949999999999999,
            0.9738501341856483,
            0.9323088375798804,
            0.8930897207704136,
            0.9237423984807152,
            0.900344002103098,
            0.9372981129998788,
            0.8991606178738852,
            0.9050504276054625,
            0.9896218181818182,
            0.9823286764705882,
            0.7123410095075242,
            0.9423971636809136,
            0.7699850311398909,
            0.7924858791228869
        ],
        "inference_speed": 0.8562742605717225,
        "overall_speed": {
            "preprocess": 0.15649090151815018,
            "inference": 0.8562742605717225,
            "loss": 0.0007048161072138499,
            "postprocess": 0.6230106015177168
        }
    },
    "YOLO11m-seg-freeze23": {
        "mAP (50-95)": 0.799396866772587,
        "mAP 50": 0.9109836795337904,
        "mAP 75": 0.8652759572858794,
        "class mAPs": [
            0.8814552193636171,
            0.5915274784458585,
            0.7957861477977535,
            0.6251185087342671,
            0.9202811266431199,
            0.8619130469203974,
            0.8196273948557826,
            0.8119847116939474,
            0.8772072832319708,
            0.9949999999999999,
            0.9805276775793651,
            0.8544789400894445,
            0.8166251211890954,
            0.7279698385194363,
            0.7889705211247645,
            0.7891667075012927,
            0.7423347211670265,
            0.8390101374754316,
            0.9211556006128235,
            0.9822909090909091,
            0.5943613742944063,
            0.8873749375673171,
            0.5334732060660888,
            0.5478841925779757
        ],
        "inference_speed": 2.681557525544477,
        "overall_speed": {
            "preprocess": 0.18892852512337047,
            "inference": 2.681557525544477,
            "loss": 0.0007423423451079419,
            "postprocess": 0.6513307785846778
        }
    },
    "YOLO11n-seg-freeze23": {
        "mAP (50-95)": 0.6511918525687218,
        "mAP 50": 0.7854998363567366,
        "mAP 75": 0.7240138398716823,