{
    "YOLO11m-seg-freeze-all": {
        "mAP (50-95)": 0.6922074693007666,
        "mAP 50": 0.8269399969473484,
        "mAP 75": 0.7522124810372919,
        "class mAPs": [
            0.7375960289470709,
            0.5131307094884644,
            0.5986621491328835,
            0.3766406585806906,
            0.9016347028069074,
            0.6832083482843931,
            0.7582646698585045,
            0.7141210097451706,
            0.6598803776967529,
            0.8480614075944141,
            0.9427889863945577,
            0.7519408050813665,
            0.7692850206837987,
            0.726729889439731,
            0.5863121067105972,
            0.7060930676903378,
            0.6639610297563678,
            0.6456830358079031,
            0.7724881350933439,
            0.8701181646216796,
            0.549061299113758,
            0.8093068299631847,
            0.5516039371289014,
            0.47640689359761756
        ],
        "inference_speed": 2.6016350406104696,
        "overall_speed": {
            "preprocess": 0.14466318943545262,
            "inference": 2.6016350406104696,
            "loss": 0.0009745545851747514,
            "postprocess": 0.6452486704672097
        }
    },
    "YOLO11s-seg-full": {
        "mAP (50-95)": 0.8904437233848415,
        "mAP 50": 0.9697304707627538,
        "mAP 75": 0.9388225486094198,
        "class mAPs": [
            0.9027885783327889,
            0.882178066868016,
            0.8844423478872712,
            0.8138530478164118,
            0.9651116645955605,
            0.8822673678119729,
            0.9061816727139652,
            0.8750104180048055,
            0.9092544134584815,
            0.9553444233673606,
            0.9709090588633211,
            0.9126842897238518,
            0.9123306327689245,
            0.9190369187404798,
            0.8295856451472844,
            0.904044845431849,
            0.8817340350094918,
            0.8338511733560395,
            0.9428863548588886,
            0.929677549106841,
            0.7675975275342255,
            0.9535933313331988,
            0.7863413728811627,
            0.8499446256240034
        ],
        "inference_speed": 1.301880283372758,
        "overall_speed": {
            "preprocess": 15.81462671758875,
            "inference": 1.301880283372758,
            "loss": 0.0009010475165509453,
            "postprocess": 0.6143292537003995
        }
    },
    "YOLO11s-seg-freeze-all": {
        "mAP (50-95)": 0.617204025552739,
        "mAP 50": 0.7564424335963422,
        "mAP 75": 0.6849194570597303,
        "class mAPs": [
            0.6833564501362004,
            0.4147593335870772,
            0.5172032526282625,
            0.33683953215800927,
            0.8150545355464158,
            0.6503572788361811,
            0.6842073495415757,
            0.6527326372762827,
            0.6314415342413391,
            0.7629480798884023,
            0.9335114337597714,
            0.6028229263841347,
            0.720738844723235,
            0.5759119140094421,
            0.5169796968799746,
            0.5873067224161406,
            0.5165714399993981,
            0.5918432125759805,
            0.7261170635386751,
            0.8289460579107916,
            0.4148663065056243,
            0.7284625385999958,
            0.5094200940729097,
            0.4104983780499154
        ],
        "inference_speed": 1.2434018947270642,
        "overall_speed": {
            "preprocess": 0.1560229079013855,
            "inference": 1.2434018947270642,
            "loss": 0.0009055218598584814,
            "postprocess": 0.6497539080499645
        }
    },
    "YOLO11l-seg-freeze-all": {
        "mAP (50-95)": 0.7183225087812092,
        "mAP 50": 0.8496170317331669,
        "mAP 75": 0.7810141206693935,
        "class mAPs": [
            0.7558902012890873,
            0.582025425849114,
            0.6202779069779678,
            0.4743093373000174,
            0.8839067529151438,
            0.7304302197439423,
            0.7783185829765517,
            0.6934723400619199,
            0.7236437392286342,
            0.8837625978896009,
            0.9460110077619467,
            0.7546534473037145,
            0.8122722174385053,
            0.7393663182319947,
            0.6162329933004022,
            0.7101180184140584,
            0.6825288164675156,
            0.6812392120334396,
            0.8283964253037484,
            0.873360843449831,
            0.5451742672154992,
            0.8521013542889297,
            0.5608925965203712,
            0.5113555887870836
        ],
        "inference_speed": 3.2289068649878345,
        "overall_speed": {
            "preprocess": 0.16010137835818813,
            "inference": 3.2289068649878345,
            "loss": 0.0011066542447305768,
            "postprocess": 0.7925570490532842
        }
    },
    "YOLO11n-seg-freeze-backbone": {
        "mAP (50-95)": 0.8240551056795372,
        "mAP 50": 0.9394798226527623,
        "mAP 75": 0.8908808179126994,
        "class mAPs": [
            0.8520244671130252,
            0.8418265899069173,
            0.7414683338834386,
            0.7331424793374115,
            0.9254855541541482,
            0.807521563125577,
            0.8459545408775574,
            0.7497388178633841,
            0.8332389366899029,
            0.9329220841533591,
            0.9455738021353278,
            0.8226463514597961,
            0.8632350600081671,
            0.8864810235323913,
            0.7793418356944184,
            0.8326300224142236,
            0.794840245169959,
            0.7526074621480124,
            0.8862251593606283,
            0.9026958058036442,
            0.67849027036949,
            0.9162728272384525,
            0.7430503100473379,
            0.7099089938223246
        ],
        "inference_speed": 0.853123464575828,
        "overall_speed": {
            "preprocess": 0.14674610277709416,
            "inference": 0.853123464575828,
            "loss": 0.000993091150305972,
            "postprocess": 0.6551469831833145
        }
    },
    "YOLO11l-seg-freeze-backbone": {
        "mAP (50-95)": 0.8949339976701743,
        "mAP 50": 0.9664119783334518,
        "mAP 75": 0.9416208260628943,
        "class mAPs": [
            0.9216561446520058,
            0.8748409749496104,
            0.8882195122003654,
            0.8168044064646489,
            0.9656240075413167,
            0.9053150465475787,
            0.908594573949349,
            0.8695202958800644,
            0.9226194917211423,
            0.9590245565296893,
            0.9763828291316526,
            0.9206769392030999,
            0.9179820823374092,
            0.9136945347989227,
            0.8361924633863562,
            0.9078649358064281,
            0.89227910770834,
            0.8152976299084524,
            0.9575680412515247,
            0.9492070463306176,
            0.7873060531880955,
            0.960964150934902,
            0.7945964180970873,
            0.8161847015655253
        ],
        "inference_speed": 3.2281909700586287,
        "overall_speed": {
            "preprocess": 0.1605829029236658,
            "inference": 3.2281909700586287,
            "loss": 0.0009283197043302125,
            "postprocess": 0.6564458211263021
        }
    },
    "YOLO11n-seg-full": {
        "mAP (50-95)": 0.8653490244067676,
        "mAP 50": 0.9619267082917613,
        "mAP 75": 0.9268852621354847,